{"version":1,"lastPerfBoundaries":[0.001,0.002,0.004,0.006,0.008,0.01,0.015,0.02,0.03,0.05,0.07,0.1,0.15,0.25,"+Inf"],"log":[{"ts":1766080994636,"type":"svBoot","duration":2},{"ts":1766081041804,"type":"data","players":0,"fxsMemory":null,"nodeMemory":12.15,"perf":{"svSync":{"count":3310,"sum":0.08200000000000006,"buckets":[3308,1,1,0,0,0,0,0,0,0,0,0,0,0,0]},"svNetwork":{"count":3244,"sum":0.05700000000000004,"buckets":[3243,1,0,0,0,0,0,0,0,0,0,0,0,0,0]},"svMain":{"count":763,"sum":0.1400000000000001,"buckets":[759,1,1,1,0,0,0,0,1,0,0,0,0,0,0]}}}]}